{
  "stats": {
    "duration_ms": {
      "mean": 2457.296437074975,
      "std": 1218.2933163152145,
      "min": 3.0707,
      "max": 4000.0001
    },
    "pitches": {
      "mean": 404.2670182448917,
      "std": 113.93975717959755,
      "min": 146.8323839587038,
      "max": 987.7666025122483
    },
    "mel": {
      "mean": -5.903361589412554,
      "std": 1.9135067467869207,
      "min": -11.512925148010254,
      "max": 1.466721773147583
    },
    "sequence_length": {
      "mean": 211.1528898934453,
      "std": 104.92359350328684,
      "min": 1,
      "max": 344
    }
  }
}